Table S9. Genome-wide gene and transposable-element differential expression in Col-0 after 24-h 37°C heat stress. Canonical ONSEN loci extracted from the global TE results.															
															
Canonical ONSEN copy	TE ID	TE alias	TE name	Chromosome	Start	End	Mean NS signal	Mean HS signal	Mean signal (all samples)	Descriptive log2FC (HS / NS)	Model log2 fold change (HS / NS)	P value	BH-adjusted P value	Statistically tested	DE call
ONSEN1	AT1TE12295	ATCOPIA78	AT1TE12295	1	3780765	3785721	29.0566666666667	15496.1366666667	7762.59666666667	9.03425584207377	9.3329686767612	7.33414361447098e-09	1.1853104410772e-07	True	Up
ONSEN2	AT3TE92525	ATCOPIA78	AT3TE92525	3	22695566	22700522	18.89	11857.3366666667	5938.11333333333	9.25631231108836	9.50928787004035	3.02728312242704e-09	6.98936465958156e-08	True	Up
ONSEN3	AT5TE15240	ATCOPIA78	AT5TE15240	5	4208083	4213084	73.0566666666667	9255.16666666667	4664.11166666667	6.97533699468545	7.21244959096388	8.11045502963841e-10	3.09158030203216e-08	True	Up
ONSEN4	AT1TE71045	ATCOPIA78	AT1TE71045	1	21524995	21529851	9.33333333333333	6624.71666666667	3317.025	9.39607137229241	9.84463930740291	4.93168863186729e-08	5.07915579193783e-07	True	Up
ONSEN5	AT1TE59755	ATCOPIA78	AT1TE59755	1	18013162	18018435	9.86	23962.1666666667	11986.0133333333	11.1755487478905	12.7085713963965	2.93251872357698e-06	1.59680811081642e-05	True	Up
ONSEN6	AT3TE89830	ATCOPIA78	AT3TE89830	3	22059535	22064329	2.72	4362.42666666667	2182.57333333333	10.4040198210049	10.8451822953095	8.07430758458005e-09	1.26597912203005e-07	True	Up
ONSEN7	AT1TE24850	ATCOPIA78	AT1TE24850	1	7714708	7722547	4.19666666666667	5759.80333333333	2882	10.2602918637752	10.544515235439	7.41597473748786e-10	3.037664752631e-08	True	Up
ONSEN8	AT3TE54550	ATCOPIA78	AT3TE54550	3	13369174	13374108	0.776666666666667	5205.11666666667	2602.94666666667	11.9934714711178	12.5431051939914	2.14040706862934e-08	2.68951070499388e-07	True	Up
