Table S5. Strict overlap-merged HSF-region detail (stringent sensitivity analysis) supporting the principal exact-coordinate motif-placement summary.																	
																	
Source	Sequence/window ID	ONSEN copy	LTR side	Strict overlap region ID	Site start, forward coordinate	Site end, forward coordinate	Site width (bp)	PWM model-position hits contributing to strict region	Distinct HSF PWM models in strict region	HSF PWM models	Motif IDs	Strands	Maximum relative PWM score	Representative HSF model	Representative motif ID	Representative matched sequence	Sequence length (bp)
Col0_ONSEN_800bp_windows	Col0_AT1G11265_ONSEN1_leftLTRcandidate	ONSEN1	left_LTR_candidate	1	77	105	29	14	6	HSFA1E; HSFA4A; HSFA6A; HSFA6B; HSFB3; HSFC1	MA1664.3; MA1667.3; MA1758.2; MA1759.2; MA1760.1; MA1761.2	-; +	0.9317	HSFA6A	MA1760.1	GAAAACTCTAGAA	800
Col0_ONSEN_800bp_windows	Col0_AT1G11265_ONSEN1_leftLTRcandidate	ONSEN1	left_LTR_candidate	2	123	153	31	31	10	HSFA1B; HSFA1E; HSFA4A; HSFA6A; HSFA6B; HSFB2A; HSFB2B; HSFB3; HSFB4; HSFC1	MA1664.3; MA1665.3; MA1666.3; MA1667.3; MA1758.2; MA1759.2; MA1760.1; MA1761.2; MA2019.2; MA2020.2	-; +	0.9971	HSFC1	MA1667.3	TTCTAGAA	800
Col0_ONSEN_800bp_windows	Col0_AT1G11265_ONSEN1_leftLTRcandidate	ONSEN1	left_LTR_candidate	3	171	186	16	2	1	HSFB3	MA1761.2	-; +	0.8606	HSFB3	MA1761.2	AAAAATCTAGAT	800
Col0_ONSEN_800bp_windows	Col0_AT1G11265_ONSEN1_leftLTRcandidate	ONSEN1	left_LTR_candidate	4	191	208	18	5	4	HSFA1E; HSFA4A; HSFA6A; HSFB3	MA1758.2; MA1759.2; MA1760.1; MA1761.2	-; +	0.9214	HSFA6A	MA1760.1	GAATAATCTAGAT	800
Col0_ONSEN_800bp_windows	Col0_AT1G11265_ONSEN1_leftLTRcandidate	ONSEN1	left_LTR_candidate	5	236	249	14	2	2	HSFA1E; HSFA6A	MA1758.2; MA1760.1	+	0.8967	HSFA6A	MA1760.1	GAACTCTCTAGAC	800
Col0_ONSEN_800bp_windows	Col0_AT1G11265_ONSEN1_leftLTRcandidate	ONSEN1	left_LTR_candidate	6	264	275	12	1	1	HSFB3	MA1761.2	-	0.8727	HSFB3	MA1761.2	AAATATCTAAAA	800
Col0_ONSEN_800bp_windows	Col0_AT1G11265_ONSEN1_leftLTRcandidate	ONSEN1	left_LTR_candidate	7	710	725	16	6	3	HSFA6B; HSFB3; HSFC1	MA1664.3; MA1667.3; MA1761.2	-; +	0.9477	HSFC1	MA1667.3	TTCGAGAA	800
Col0_ONSEN_800bp_windows	Col0_AT1G11265_ONSEN1_leftLTRcandidate	ONSEN1	left_LTR_candidate	8	729	736	8	2	1	HSFA1B	MA2019.2	-; +	0.8507	HSFA1B	MA2019.2	GAAGCTAC	800
Col0_ONSEN_800bp_windows	Col0_AT1G11265_ONSEN1_leftLTRcandidate	ONSEN1	left_LTR_candidate	9	756	767	12	7	4	HSFA1B; HSFB2A; HSFB2B; HSFB4	MA1665.3; MA1666.3; MA2019.2; MA2020.2	-; +	0.9781	HSFA1B	MA2019.2	GAAGCTTC	800
Col0_ONSEN_800bp_windows	Col0_AT1G11265_ONSEN1_rightLTRcandidate	ONSEN1	right_LTR_candidate	1	71	78	8	1	1	HSFA1B	MA2019.2	+	0.8762	HSFA1B	MA2019.2	GAAACCTC	800
Col0_ONSEN_800bp_windows	Col0_AT1G11265_ONSEN1_rightLTRcandidate	ONSEN1	right_LTR_candidate	2	436	464	29	14	6	HSFA1E; HSFA4A; HSFA6A; HSFA6B; HSFB3; HSFC1	MA1664.3; MA1667.3; MA1758.2; MA1759.2; MA1760.1; MA1761.2	-; +	0.9317	HSFA6A	MA1760.1	GAAAACTCTAGAA	800
Col0_ONSEN_800bp_windows	Col0_AT1G11265_ONSEN1_rightLTRcandidate	ONSEN1	right_LTR_candidate	3	482	512	31	31	10	HSFA1B; HSFA1E; HSFA4A; HSFA6A; HSFA6B; HSFB2A; HSFB2B; HSFB3; HSFB4; HSFC1	MA1664.3; MA1665.3; MA1666.3; MA1667.3; MA1758.2; MA1759.2; MA1760.1; MA1761.2; MA2019.2; MA2020.2	-; +	0.9971	HSFC1	MA1667.3	TTCTAGAA	800
Col0_ONSEN_800bp_windows	Col0_AT1G11265_ONSEN1_rightLTRcandidate	ONSEN1	right_LTR_candidate	4	530	545	16	2	1	HSFB3	MA1761.2	-; +	0.8606	HSFB3	MA1761.2	AAAAATCTAGAT	800
Col0_ONSEN_800bp_windows	Col0_AT1G11265_ONSEN1_rightLTRcandidate	ONSEN1	right_LTR_candidate	5	550	567	18	5	4	HSFA1E; HSFA4A; HSFA6A; HSFB3	MA1758.2; MA1759.2; MA1760.1; MA1761.2	-; +	0.9214	HSFA6A	MA1760.1	GAATAATCTAGAT	800
Col0_ONSEN_800bp_windows	Col0_AT1G11265_ONSEN1_rightLTRcandidate	ONSEN1	right_LTR_candidate	6	595	608	14	2	2	HSFA1E; HSFA6A	MA1758.2; MA1760.1	+	0.8967	HSFA6A	MA1760.1	GAACTCTCTAGAC	800
Col0_ONSEN_800bp_windows	Col0_AT1G11265_ONSEN1_rightLTRcandidate	ONSEN1	right_LTR_candidate	7	623	634	12	1	1	HSFB3	MA1761.2	-	0.8727	HSFB3	MA1761.2	AAATATCTAAAA	800
Col0_ONSEN_800bp_windows	Col0_AT1G21945_ONSEN7_leftLTRcandidate	ONSEN7	left_LTR_candidate	1	182	206	25	20	9	HSFA1B; HSFA1E; HSFA4A; HSFA6A; HSFA6B; HSFB2A; HSFB2B; HSFB3; HSFC1	MA1664.3; MA1665.3; MA1666.3; MA1667.3; MA1758.2; MA1759.2; MA1760.1; MA1761.2; MA2019.2	-; +	0.9182	HSFB3	MA1761.2	AAAATTCTAAAA	800
Col0_ONSEN_800bp_windows	Col0_AT1G21945_ONSEN7_leftLTRcandidate	ONSEN7	left_LTR_candidate	2	224	254	31	27	10	HSFA1B; HSFA1E; HSFA4A; HSFA6A; HSFA6B; HSFB2A; HSFB2B; HSFB3; HSFB4; HSFC1	MA1664.3; MA1665.3; MA1666.3; MA1667.3; MA1758.2; MA1759.2; MA1760.1; MA1761.2; MA2019.2; MA2020.2	-; +	0.9971	HSFC1	MA1667.3	TTCTAGAA	800
Col0_ONSEN_800bp_windows	Col0_AT1G21945_ONSEN7_leftLTRcandidate	ONSEN7	left_LTR_candidate	3	272	287	16	2	1	HSFB3	MA1761.2	-; +	0.8606	HSFB3	MA1761.2	AAAAATCTAGAT	800
Col0_ONSEN_800bp_windows	Col0_AT1G21945_ONSEN7_leftLTRcandidate	ONSEN7	left_LTR_candidate	4	292	309	18	5	4	HSFA1E; HSFA4A; HSFA6A; HSFB3	MA1758.2; MA1759.2; MA1760.1; MA1761.2	-; +	0.9214	HSFA6A	MA1760.1	GAATAATCTAGAT	800
Col0_ONSEN_800bp_windows	Col0_AT1G21945_ONSEN7_leftLTRcandidate	ONSEN7	left_LTR_candidate	5	337	350	14	2	2	HSFA1E; HSFA6A	MA1758.2; MA1760.1	+	0.8967	HSFA6A	MA1760.1	GAACTCTCTAGAC	800
Col0_ONSEN_800bp_windows	Col0_AT1G21945_ONSEN7_leftLTRcandidate	ONSEN7	left_LTR_candidate	6	365	376	12	1	1	HSFB3	MA1761.2	-	0.8727	HSFB3	MA1761.2	AAATATCTAAAA	800
Col0_ONSEN_800bp_windows	Col0_AT1G21945_ONSEN7_leftLTRcandidate	ONSEN7	left_LTR_candidate	7	473	480	8	2	2	HSFA6B; HSFC1	MA1664.3; MA1667.3	-; +	0.8922	HSFC1	MA1667.3	TTCCAAAA	800
Col0_ONSEN_800bp_windows	Col0_AT1G21945_ONSEN7_rightLTRcandidate	ONSEN7	right_LTR_candidate	1	337	365	29	14	6	HSFA1E; HSFA4A; HSFA6A; HSFA6B; HSFB3; HSFC1	MA1664.3; MA1667.3; MA1758.2; MA1759.2; MA1760.1; MA1761.2	-; +	0.9317	HSFA6A	MA1760.1	GAAAACTCTAGAA	800
Col0_ONSEN_800bp_windows	Col0_AT1G21945_ONSEN7_rightLTRcandidate	ONSEN7	right_LTR_candidate	2	383	413	31	31	10	HSFA1B; HSFA1E; HSFA4A; HSFA6A; HSFA6B; HSFB2A; HSFB2B; HSFB3; HSFB4; HSFC1	MA1664.3; MA1665.3; MA1666.3; MA1667.3; MA1758.2; MA1759.2; MA1760.1; MA1761.2; MA2019.2; MA2020.2	-; +	0.9971	HSFC1	MA1667.3	TTCTAGAA	800
Col0_ONSEN_800bp_windows	Col0_AT1G21945_ONSEN7_rightLTRcandidate	ONSEN7	right_LTR_candidate	3	431	446	16	2	1	HSFB3	MA1761.2	-; +	0.8606	HSFB3	MA1761.2	AAAAATCTAGAT	800
Col0_ONSEN_800bp_windows	Col0_AT1G21945_ONSEN7_rightLTRcandidate	ONSEN7	right_LTR_candidate	4	453	468	16	2	1	HSFB3	MA1761.2	-; +	0.8668	HSFB3	MA1761.2	AATTATCTAGAT	800
Col0_ONSEN_800bp_windows	Col0_AT1G21945_ONSEN7_rightLTRcandidate	ONSEN7	right_LTR_candidate	5	496	509	14	2	2	HSFA1E; HSFA6A	MA1758.2; MA1760.1	+	0.8967	HSFA6A	MA1760.1	GAACTCTCTAGAC	800
Col0_ONSEN_800bp_windows	Col0_AT1G21945_ONSEN7_rightLTRcandidate	ONSEN7	right_LTR_candidate	6	524	535	12	1	1	HSFB3	MA1761.2	-	0.8727	HSFB3	MA1761.2	AAATATCTAAAA	800
Col0_ONSEN_800bp_windows	Col0_AT1G21945_ONSEN7_rightLTRcandidate	ONSEN7	right_LTR_candidate	7	632	639	8	2	2	HSFA6B; HSFC1	MA1664.3; MA1667.3	-; +	0.8922	HSFC1	MA1667.3	TTCCAAAA	800
Col0_ONSEN_800bp_windows	Col0_AT1G21945_ONSEN7_rightLTRcandidate	ONSEN7	right_LTR_candidate	8	709	716	8	2	2	HSFA6B; HSFC1	MA1664.3; MA1667.3	-; +	0.915	HSFC1	MA1667.3	TTCCAGAT	800
Col0_ONSEN_800bp_windows	Col0_AT1G48710_ONSEN5_leftLTRcandidate	ONSEN5	left_LTR_candidate	1	77	105	29	14	6	HSFA1E; HSFA4A; HSFA6A; HSFA6B; HSFB3; HSFC1	MA1664.3; MA1667.3; MA1758.2; MA1759.2; MA1760.1; MA1761.2	-; +	0.9317	HSFA6A	MA1760.1	GAAAACTCTAGAA	800
Col0_ONSEN_800bp_windows	Col0_AT1G48710_ONSEN5_leftLTRcandidate	ONSEN5	left_LTR_candidate	2	123	153	31	31	10	HSFA1B; HSFA1E; HSFA4A; HSFA6A; HSFA6B; HSFB2A; HSFB2B; HSFB3; HSFB4; HSFC1	MA1664.3; MA1665.3; MA1666.3; MA1667.3; MA1758.2; MA1759.2; MA1760.1; MA1761.2; MA2019.2; MA2020.2	-; +	0.9971	HSFC1	MA1667.3	TTCTAGAA	800
Col0_ONSEN_800bp_windows	Col0_AT1G48710_ONSEN5_leftLTRcandidate	ONSEN5	left_LTR_candidate	3	171	186	16	2	1	HSFB3	MA1761.2	-; +	0.8606	HSFB3	MA1761.2	AAAAATCTAGAT	800
Col0_ONSEN_800bp_windows	Col0_AT1G48710_ONSEN5_leftLTRcandidate	ONSEN5	left_LTR_candidate	4	191	208	18	5	4	HSFA1E; HSFA4A; HSFA6A; HSFB3	MA1758.2; MA1759.2; MA1760.1; MA1761.2	-; +	0.9214	HSFA6A	MA1760.1	GAATAATCTAGAT	800
Col0_ONSEN_800bp_windows	Col0_AT1G48710_ONSEN5_leftLTRcandidate	ONSEN5	left_LTR_candidate	5	236	249	14	2	2	HSFA1E; HSFA6A	MA1758.2; MA1760.1	+	0.8967	HSFA6A	MA1760.1	GAACTCTCTAGAC	800
Col0_ONSEN_800bp_windows	Col0_AT1G48710_ONSEN5_leftLTRcandidate	ONSEN5	left_LTR_candidate	6	264	275	12	1	1	HSFB3	MA1761.2	-	0.8727	HSFB3	MA1761.2	AAATATCTAAAA	800
Col0_ONSEN_800bp_windows	Col0_AT1G48710_ONSEN5_leftLTRcandidate	ONSEN5	left_LTR_candidate	7	710	725	16	6	3	HSFA6B; HSFB3; HSFC1	MA1664.3; MA1667.3; MA1761.2	-; +	0.9477	HSFC1	MA1667.3	TTCGAGAA	800
Col0_ONSEN_800bp_windows	Col0_AT1G48710_ONSEN5_leftLTRcandidate	ONSEN5	left_LTR_candidate	8	729	736	8	2	1	HSFA1B	MA2019.2	-; +	0.8507	HSFA1B	MA2019.2	GAAGCTAC	800
Col0_ONSEN_800bp_windows	Col0_AT1G48710_ONSEN5_leftLTRcandidate	ONSEN5	left_LTR_candidate	9	756	767	12	7	4	HSFA1B; HSFB2A; HSFB2B; HSFB4	MA1665.3; MA1666.3; MA2019.2; MA2020.2	-; +	0.9781	HSFA1B	MA2019.2	GAAGCTTC	800
Col0_ONSEN_800bp_windows	Col0_AT1G48710_ONSEN5_rightLTRcandidate	ONSEN5	right_LTR_candidate	1	119	147	29	14	6	HSFA1E; HSFA4A; HSFA6A; HSFA6B; HSFB3; HSFC1	MA1664.3; MA1667.3; MA1758.2; MA1759.2; MA1760.1; MA1761.2	-; +	0.9317	HSFA6A	MA1760.1	GAAAACTCTAGAA	800
Col0_ONSEN_800bp_windows	Col0_AT1G48710_ONSEN5_rightLTRcandidate	ONSEN5	right_LTR_candidate	2	165	195	31	31	10	HSFA1B; HSFA1E; HSFA4A; HSFA6A; HSFA6B; HSFB2A; HSFB2B; HSFB3; HSFB4; HSFC1	MA1664.3; MA1665.3; MA1666.3; MA1667.3; MA1758.2; MA1759.2; MA1760.1; MA1761.2; MA2019.2; MA2020.2	-; +	0.9971	HSFC1	MA1667.3	TTCTAGAA	800
Col0_ONSEN_800bp_windows	Col0_AT1G48710_ONSEN5_rightLTRcandidate	ONSEN5	right_LTR_candidate	3	213	228	16	2	1	HSFB3	MA1761.2	-; +	0.8606	HSFB3	MA1761.2	AAAAATCTAGAT	800
Col0_ONSEN_800bp_windows	Col0_AT1G48710_ONSEN5_rightLTRcandidate	ONSEN5	right_LTR_candidate	4	233	250	18	5	4	HSFA1E; HSFA4A; HSFA6A; HSFB3	MA1758.2; MA1759.2; MA1760.1; MA1761.2	-; +	0.9214	HSFA6A	MA1760.1	GAATAATCTAGAT	800
Col0_ONSEN_800bp_windows	Col0_AT1G48710_ONSEN5_rightLTRcandidate	ONSEN5	right_LTR_candidate	5	278	291	14	2	2	HSFA1E; HSFA6A	MA1758.2; MA1760.1	+	0.8967	HSFA6A	MA1760.1	GAACTCTCTAGAC	800
Col0_ONSEN_800bp_windows	Col0_AT1G48710_ONSEN5_rightLTRcandidate	ONSEN5	right_LTR_candidate	6	306	317	12	1	1	HSFB3	MA1761.2	-	0.8727	HSFB3	MA1761.2	AAATATCTAAAA	800
Col0_ONSEN_800bp_windows	Col0_AT1G48710_ONSEN5_rightLTRcandidate	ONSEN5	right_LTR_candidate	7	752	767	16	6	3	HSFA6B; HSFB3; HSFC1	MA1664.3; MA1667.3; MA1761.2	-; +	0.9477	HSFC1	MA1667.3	TTCGAGAA	800
Col0_ONSEN_800bp_windows	Col0_AT1G48710_ONSEN5_rightLTRcandidate	ONSEN5	right_LTR_candidate	8	771	778	8	2	1	HSFA1B	MA2019.2	-; +	0.8507	HSFA1B	MA2019.2	GAAGCTAC	800
Col0_ONSEN_800bp_windows	Col0_AT1G58140_ONSEN4_leftLTRcandidate	ONSEN4	left_LTR_candidate	1	166	177	12	1	1	HSFB3	MA1761.2	+	0.8727	HSFB3	MA1761.2	AAATATCTAAAA	800
Col0_ONSEN_800bp_windows	Col0_AT1G58140_ONSEN4_leftLTRcandidate	ONSEN4	left_LTR_candidate	2	192	205	14	2	2	HSFA1E; HSFA6A	MA1758.2; MA1760.1	-	0.8967	HSFA6A	MA1760.1	GAACTCTCTAGAC	800
Col0_ONSEN_800bp_windows	Col0_AT1G58140_ONSEN4_leftLTRcandidate	ONSEN4	left_LTR_candidate	3	233	250	18	5	4	HSFA1E; HSFA4A; HSFA6A; HSFB3	MA1758.2; MA1759.2; MA1760.1; MA1761.2	-; +	0.9214	HSFA6A	MA1760.1	GAATAATCTAGAT	800
Col0_ONSEN_800bp_windows	Col0_AT1G58140_ONSEN4_leftLTRcandidate	ONSEN4	left_LTR_candidate	4	255	270	16	2	1	HSFB3	MA1761.2	-; +	0.8606	HSFB3	MA1761.2	AAAAATCTAGAT	800
Col0_ONSEN_800bp_windows	Col0_AT1G58140_ONSEN4_leftLTRcandidate	ONSEN4	left_LTR_candidate	5	288	318	31	31	10	HSFA1B; HSFA1E; HSFA4A; HSFA6A; HSFA6B; HSFB2A; HSFB2B; HSFB3; HSFB4; HSFC1	MA1664.3; MA1665.3; MA1666.3; MA1667.3; MA1758.2; MA1759.2; MA1760.1; MA1761.2; MA2019.2; MA2020.2	-; +	0.9971	HSFC1	MA1667.3	TTCTAGAA	800
Col0_ONSEN_800bp_windows	Col0_AT1G58140_ONSEN4_leftLTRcandidate	ONSEN4	left_LTR_candidate	6	347	364	18	8	6	HSFA1E; HSFA4A; HSFA6A; HSFA6B; HSFB3; HSFC1	MA1664.3; MA1667.3; MA1758.2; MA1759.2; MA1760.1; MA1761.2	-; +	0.9317	HSFA6A	MA1760.1	GAAAACTCTAGAA	800
Col0_ONSEN_800bp_windows	Col0_AT1G58140_ONSEN4_leftLTRcandidate	ONSEN4	left_LTR_candidate	7	722	729	8	1	1	HSFA1B	MA2019.2	-	0.8762	HSFA1B	MA2019.2	GAAACCTC	800
Col0_ONSEN_800bp_windows	Col0_AT1G58140_ONSEN4_rightLTRcandidate	ONSEN4	right_LTR_candidate	1	37	48	12	7	4	HSFA1B; HSFB2A; HSFB2B; HSFB4	MA1665.3; MA1666.3; MA2019.2; MA2020.2	-; +	0.9781	HSFA1B	MA2019.2	GAAGCTTC	800
Col0_ONSEN_800bp_windows	Col0_AT1G58140_ONSEN4_rightLTRcandidate	ONSEN4	right_LTR_candidate	2	68	75	8	2	1	HSFA1B	MA2019.2	-; +	0.8507	HSFA1B	MA2019.2	GAAGCTAC	800
Col0_ONSEN_800bp_windows	Col0_AT1G58140_ONSEN4_rightLTRcandidate	ONSEN4	right_LTR_candidate	3	79	94	16	6	3	HSFA6B; HSFB3; HSFC1	MA1664.3; MA1667.3; MA1761.2	-; +	0.9477	HSFC1	MA1667.3	TTCGAGAA	800
Col0_ONSEN_800bp_windows	Col0_AT1G58140_ONSEN4_rightLTRcandidate	ONSEN4	right_LTR_candidate	4	529	540	12	1	1	HSFB3	MA1761.2	+	0.8727	HSFB3	MA1761.2	AAATATCTAAAA	800
Col0_ONSEN_800bp_windows	Col0_AT1G58140_ONSEN4_rightLTRcandidate	ONSEN4	right_LTR_candidate	5	555	568	14	2	2	HSFA1E; HSFA6A	MA1758.2; MA1760.1	-	0.9089	HSFA6A	MA1760.1	GAACTCTCTAGAT	800
Col0_ONSEN_800bp_windows	Col0_AT1G58140_ONSEN4_rightLTRcandidate	ONSEN4	right_LTR_candidate	6	596	613	18	5	4	HSFA1E; HSFA4A; HSFA6A; HSFB3	MA1758.2; MA1759.2; MA1760.1; MA1761.2	-; +	0.9214	HSFA6A	MA1760.1	GAATAATCTAGAT	800
Col0_ONSEN_800bp_windows	Col0_AT1G58140_ONSEN4_rightLTRcandidate	ONSEN4	right_LTR_candidate	7	617	633	17	3	2	HSFA6A; HSFB3	MA1760.1; MA1761.2	-; +	0.8894	HSFB3	MA1761.2	AAGTATCTAGAT	800
Col0_ONSEN_800bp_windows	Col0_AT1G58140_ONSEN4_rightLTRcandidate	ONSEN4	right_LTR_candidate	8	651	681	31	21	9	HSFA1E; HSFA4A; HSFA6A; HSFA6B; HSFB2A; HSFB2B; HSFB3; HSFB4; HSFC1	MA1664.3; MA1665.3; MA1666.3; MA1667.3; MA1758.2; MA1759.2; MA1760.1; MA1761.2; MA2020.2	-; +	0.9971	HSFC1	MA1667.3	TTCTAGAA	800
Col0_ONSEN_800bp_windows	Col0_AT1G58140_ONSEN4_rightLTRcandidate	ONSEN4	right_LTR_candidate	9	716	727	12	1	1	HSFB3	MA1761.2	-	0.852	HSFB3	MA1761.2	TAAGTTCTAAAG	800
Col0_ONSEN_800bp_windows	Col0_AT3G32415_ONSEN8_leftLTRcandidate	ONSEN8	left_LTR_candidate	1	77	105	29	14	6	HSFA1E; HSFA4A; HSFA6A; HSFA6B; HSFB3; HSFC1	MA1664.3; MA1667.3; MA1758.2; MA1759.2; MA1760.1; MA1761.2	-; +	0.9317	HSFA6A	MA1760.1	GAAAACTCTAGAA	800
Col0_ONSEN_800bp_windows	Col0_AT3G32415_ONSEN8_leftLTRcandidate	ONSEN8	left_LTR_candidate	2	123	153	31	31	10	HSFA1B; HSFA1E; HSFA4A; HSFA6A; HSFA6B; HSFB2A; HSFB2B; HSFB3; HSFB4; HSFC1	MA1664.3; MA1665.3; MA1666.3; MA1667.3; MA1758.2; MA1759.2; MA1760.1; MA1761.2; MA2019.2; MA2020.2	-; +	0.9971	HSFC1	MA1667.3	TTCTAGAA	800
Col0_ONSEN_800bp_windows	Col0_AT3G32415_ONSEN8_leftLTRcandidate	ONSEN8	left_LTR_candidate	3	171	186	16	2	1	HSFB3	MA1761.2	-; +	0.8606	HSFB3	MA1761.2	AAAAATCTAGAT	800
Col0_ONSEN_800bp_windows	Col0_AT3G32415_ONSEN8_leftLTRcandidate	ONSEN8	left_LTR_candidate	4	191	208	18	5	4	HSFA1E; HSFA4A; HSFA6A; HSFB3	MA1758.2; MA1759.2; MA1760.1; MA1761.2	-; +	0.9214	HSFA6A	MA1760.1	GAATAATCTAGAT	800
Col0_ONSEN_800bp_windows	Col0_AT3G32415_ONSEN8_leftLTRcandidate	ONSEN8	left_LTR_candidate	5	236	249	14	2	2	HSFA1E; HSFA6A	MA1758.2; MA1760.1	+	0.8967	HSFA6A	MA1760.1	GAACTCTCTAGAC	800
Col0_ONSEN_800bp_windows	Col0_AT3G32415_ONSEN8_leftLTRcandidate	ONSEN8	left_LTR_candidate	6	264	275	12	1	1	HSFB3	MA1761.2	-	0.8727	HSFB3	MA1761.2	AAATATCTAAAA	800
Col0_ONSEN_800bp_windows	Col0_AT3G32415_ONSEN8_leftLTRcandidate	ONSEN8	left_LTR_candidate	7	710	725	16	6	3	HSFA6B; HSFB3; HSFC1	MA1664.3; MA1667.3; MA1761.2	-; +	0.9477	HSFC1	MA1667.3	TTCGAGAA	800
Col0_ONSEN_800bp_windows	Col0_AT3G32415_ONSEN8_leftLTRcandidate	ONSEN8	left_LTR_candidate	8	756	767	12	8	4	HSFA1B; HSFB2A; HSFB2B; HSFB4	MA1665.3; MA1666.3; MA2019.2; MA2020.2	-; +	0.9781	HSFA1B	MA2019.2	GAAGCTTC	800
Col0_ONSEN_800bp_windows	Col0_AT3G32415_ONSEN8_rightLTRcandidate	ONSEN8	right_LTR_candidate	1	70	77	8	1	1	HSFA1B	MA2019.2	+	0.8762	HSFA1B	MA2019.2	GAAACCTC	800
Col0_ONSEN_800bp_windows	Col0_AT3G32415_ONSEN8_rightLTRcandidate	ONSEN8	right_LTR_candidate	2	435	463	29	14	6	HSFA1E; HSFA4A; HSFA6A; HSFA6B; HSFB3; HSFC1	MA1664.3; MA1667.3; MA1758.2; MA1759.2; MA1760.1; MA1761.2	-; +	0.9317	HSFA6A	MA1760.1	GAAAACTCTAGAA	800
Col0_ONSEN_800bp_windows	Col0_AT3G32415_ONSEN8_rightLTRcandidate	ONSEN8	right_LTR_candidate	3	481	511	31	31	10	HSFA1B; HSFA1E; HSFA4A; HSFA6A; HSFA6B; HSFB2A; HSFB2B; HSFB3; HSFB4; HSFC1	MA1664.3; MA1665.3; MA1666.3; MA1667.3; MA1758.2; MA1759.2; MA1760.1; MA1761.2; MA2019.2; MA2020.2	-; +	0.9971	HSFC1	MA1667.3	TTCTAGAA	800
Col0_ONSEN_800bp_windows	Col0_AT3G32415_ONSEN8_rightLTRcandidate	ONSEN8	right_LTR_candidate	4	527	544	18	5	4	HSFA1E; HSFA4A; HSFA6A; HSFB3	MA1758.2; MA1759.2; MA1760.1; MA1761.2	-; +	0.9171	HSFA6A	MA1760.1	GAAAAATCTAGAT	800
Col0_ONSEN_800bp_windows	Col0_AT3G32415_ONSEN8_rightLTRcandidate	ONSEN8	right_LTR_candidate	5	549	566	18	5	4	HSFA1E; HSFA4A; HSFA6A; HSFB3	MA1758.2; MA1759.2; MA1760.1; MA1761.2	-; +	0.9214	HSFA6A	MA1760.1	GAATAATCTAGAT	800
Col0_ONSEN_800bp_windows	Col0_AT3G32415_ONSEN8_rightLTRcandidate	ONSEN8	right_LTR_candidate	6	594	607	14	2	2	HSFA1E; HSFA6A	MA1758.2; MA1760.1	+	0.8967	HSFA6A	MA1760.1	GAACTCTCTAGAC	800
Col0_ONSEN_800bp_windows	Col0_AT3G32415_ONSEN8_rightLTRcandidate	ONSEN8	right_LTR_candidate	7	622	633	12	1	1	HSFB3	MA1761.2	-	0.8727	HSFB3	MA1761.2	AAATATCTAAAA	800
Col0_ONSEN_800bp_windows	Col0_AT3G59720_ONSEN6_leftLTRcandidate	ONSEN6	left_LTR_candidate	1	77	105	29	14	6	HSFA1E; HSFA4A; HSFA6A; HSFA6B; HSFB3; HSFC1	MA1664.3; MA1667.3; MA1758.2; MA1759.2; MA1760.1; MA1761.2	-; +	0.9317	HSFA6A	MA1760.1	GAAAACTCTAGAA	800
Col0_ONSEN_800bp_windows	Col0_AT3G59720_ONSEN6_leftLTRcandidate	ONSEN6	left_LTR_candidate	2	123	153	31	27	9	HSFA1B; HSFA1E; HSFA4A; HSFA6A; HSFA6B; HSFB2A; HSFB2B; HSFB3; HSFC1	MA1664.3; MA1665.3; MA1666.3; MA1667.3; MA1758.2; MA1759.2; MA1760.1; MA1761.2; MA2019.2	-; +	0.9971	HSFC1	MA1667.3	TTCTAGAA	800
Col0_ONSEN_800bp_windows	Col0_AT3G59720_ONSEN6_leftLTRcandidate	ONSEN6	left_LTR_candidate	3	171	186	16	2	1	HSFB3	MA1761.2	-; +	0.8606	HSFB3	MA1761.2	AAAAATCTAGAT	800
Col0_ONSEN_800bp_windows	Col0_AT3G59720_ONSEN6_leftLTRcandidate	ONSEN6	left_LTR_candidate	4	191	208	18	5	4	HSFA1E; HSFA4A; HSFA6A; HSFB3	MA1758.2; MA1759.2; MA1760.1; MA1761.2	-; +	0.9214	HSFA6A	MA1760.1	GAATAATCTAGAT	800
Col0_ONSEN_800bp_windows	Col0_AT3G59720_ONSEN6_leftLTRcandidate	ONSEN6	left_LTR_candidate	5	236	249	14	2	2	HSFA1E; HSFA6A	MA1758.2; MA1760.1	+	0.8967	HSFA6A	MA1760.1	GAACTCTCTAGAC	800
Col0_ONSEN_800bp_windows	Col0_AT3G59720_ONSEN6_leftLTRcandidate	ONSEN6	left_LTR_candidate	6	264	275	12	1	1	HSFB3	MA1761.2	-	0.8727	HSFB3	MA1761.2	AAATATCTAAAA	800
Col0_ONSEN_800bp_windows	Col0_AT3G59720_ONSEN6_leftLTRcandidate	ONSEN6	left_LTR_candidate	7	710	725	16	6	3	HSFA6B; HSFB3; HSFC1	MA1664.3; MA1667.3; MA1761.2	-; +	0.9477	HSFC1	MA1667.3	TTCGAGAA	800
Col0_ONSEN_800bp_windows	Col0_AT3G59720_ONSEN6_leftLTRcandidate	ONSEN6	left_LTR_candidate	8	729	736	8	2	1	HSFA1B	MA2019.2	-; +	0.8507	HSFA1B	MA2019.2	GAAGCTAC	800
Col0_ONSEN_800bp_windows	Col0_AT3G59720_ONSEN6_leftLTRcandidate	ONSEN6	left_LTR_candidate	9	756	767	12	7	4	HSFA1B; HSFB2A; HSFB2B; HSFB4	MA1665.3; MA1666.3; MA2019.2; MA2020.2	-; +	0.9781	HSFA1B	MA2019.2	GAAGCTTC	800
Col0_ONSEN_800bp_windows	Col0_AT3G59720_ONSEN6_rightLTRcandidate	ONSEN6	right_LTR_candidate	1	72	79	8	1	1	HSFA1B	MA2019.2	+	0.8762	HSFA1B	MA2019.2	GAAACCTC	800
Col0_ONSEN_800bp_windows	Col0_AT3G59720_ONSEN6_rightLTRcandidate	ONSEN6	right_LTR_candidate	2	437	465	29	14	6	HSFA1E; HSFA4A; HSFA6A; HSFA6B; HSFB3; HSFC1	MA1664.3; MA1667.3; MA1758.2; MA1759.2; MA1760.1; MA1761.2	-; +	0.9317	HSFA6A	MA1760.1	GAAAACTCTAGAA	800
Col0_ONSEN_800bp_windows	Col0_AT3G59720_ONSEN6_rightLTRcandidate	ONSEN6	right_LTR_candidate	3	483	513	31	27	9	HSFA1B; HSFA1E; HSFA4A; HSFA6A; HSFA6B; HSFB2A; HSFB2B; HSFB3; HSFC1	MA1664.3; MA1665.3; MA1666.3; MA1667.3; MA1758.2; MA1759.2; MA1760.1; MA1761.2; MA2019.2	-; +	0.9971	HSFC1	MA1667.3	TTCTAGAA	800
Col0_ONSEN_800bp_windows	Col0_AT3G59720_ONSEN6_rightLTRcandidate	ONSEN6	right_LTR_candidate	4	531	546	16	2	1	HSFB3	MA1761.2	-; +	0.8606	HSFB3	MA1761.2	AAAAATCTAGAT	800
Col0_ONSEN_800bp_windows	Col0_AT3G59720_ONSEN6_rightLTRcandidate	ONSEN6	right_LTR_candidate	5	551	568	18	5	4	HSFA1E; HSFA4A; HSFA6A; HSFB3	MA1758.2; MA1759.2; MA1760.1; MA1761.2	-; +	0.9214	HSFA6A	MA1760.1	GAATAATCTAGAT	800
Col0_ONSEN_800bp_windows	Col0_AT3G59720_ONSEN6_rightLTRcandidate	ONSEN6	right_LTR_candidate	6	596	609	14	2	2	HSFA1E; HSFA6A	MA1758.2; MA1760.1	+	0.8967	HSFA6A	MA1760.1	GAACTCTCTAGAC	800
Col0_ONSEN_800bp_windows	Col0_AT3G59720_ONSEN6_rightLTRcandidate	ONSEN6	right_LTR_candidate	7	624	635	12	1	1	HSFB3	MA1761.2	-	0.8727	HSFB3	MA1761.2	AAATATCTAAAA	800
Col0_ONSEN_800bp_windows	Col0_AT3G61330_ONSEN2_leftLTRcandidate	ONSEN2	left_LTR_candidate	1	166	177	12	1	1	HSFB3	MA1761.2	+	0.8727	HSFB3	MA1761.2	AAATATCTAAAA	800
Col0_ONSEN_800bp_windows	Col0_AT3G61330_ONSEN2_leftLTRcandidate	ONSEN2	left_LTR_candidate	2	192	205	14	2	2	HSFA1E; HSFA6A	MA1758.2; MA1760.1	-	0.8967	HSFA6A	MA1760.1	GAACTCTCTAGAC	800
Col0_ONSEN_800bp_windows	Col0_AT3G61330_ONSEN2_leftLTRcandidate	ONSEN2	left_LTR_candidate	3	233	250	18	5	4	HSFA1E; HSFA4A; HSFA6A; HSFB3	MA1758.2; MA1759.2; MA1760.1; MA1761.2	-; +	0.9214	HSFA6A	MA1760.1	GAATAATCTAGAT	800
Col0_ONSEN_800bp_windows	Col0_AT3G61330_ONSEN2_leftLTRcandidate	ONSEN2	left_LTR_candidate	4	255	270	16	2	1	HSFB3	MA1761.2	-; +	0.8606	HSFB3	MA1761.2	AAAAATCTAGAT	800
Col0_ONSEN_800bp_windows	Col0_AT3G61330_ONSEN2_leftLTRcandidate	ONSEN2	left_LTR_candidate	5	288	318	31	31	10	HSFA1B; HSFA1E; HSFA4A; HSFA6A; HSFA6B; HSFB2A; HSFB2B; HSFB3; HSFB4; HSFC1	MA1664.3; MA1665.3; MA1666.3; MA1667.3; MA1758.2; MA1759.2; MA1760.1; MA1761.2; MA2019.2; MA2020.2	-; +	0.9971	HSFC1	MA1667.3	TTCTAGAA	800
Col0_ONSEN_800bp_windows	Col0_AT3G61330_ONSEN2_leftLTRcandidate	ONSEN2	left_LTR_candidate	6	336	364	29	14	6	HSFA1E; HSFA4A; HSFA6A; HSFA6B; HSFB3; HSFC1	MA1664.3; MA1667.3; MA1758.2; MA1759.2; MA1760.1; MA1761.2	-; +	0.9317	HSFA6A	MA1760.1	GAAAACTCTAGAA	800
Col0_ONSEN_800bp_windows	Col0_AT3G61330_ONSEN2_leftLTRcandidate	ONSEN2	left_LTR_candidate	7	722	729	8	1	1	HSFA1B	MA2019.2	-	0.8762	HSFA1B	MA2019.2	GAAACCTC	800
Col0_ONSEN_800bp_windows	Col0_AT3G61330_ONSEN2_rightLTRcandidate	ONSEN2	right_LTR_candidate	1	33	44	12	7	4	HSFA1B; HSFB2A; HSFB2B; HSFB4	MA1665.3; MA1666.3; MA2019.2; MA2020.2	-; +	0.9781	HSFA1B	MA2019.2	GAAGCTTC	800
Col0_ONSEN_800bp_windows	Col0_AT3G61330_ONSEN2_rightLTRcandidate	ONSEN2	right_LTR_candidate	2	64	71	8	2	1	HSFA1B	MA2019.2	-; +	0.8507	HSFA1B	MA2019.2	GAAGCTAC	800
Col0_ONSEN_800bp_windows	Col0_AT3G61330_ONSEN2_rightLTRcandidate	ONSEN2	right_LTR_candidate	3	75	90	16	6	3	HSFA6B; HSFB3; HSFC1	MA1664.3; MA1667.3; MA1761.2	-; +	0.9477	HSFC1	MA1667.3	TTCGAGAA	800
Col0_ONSEN_800bp_windows	Col0_AT3G61330_ONSEN2_rightLTRcandidate	ONSEN2	right_LTR_candidate	4	525	536	12	1	1	HSFB3	MA1761.2	+	0.8727	HSFB3	MA1761.2	AAATATCTAAAA	800
Col0_ONSEN_800bp_windows	Col0_AT3G61330_ONSEN2_rightLTRcandidate	ONSEN2	right_LTR_candidate	5	551	564	14	2	2	HSFA1E; HSFA6A	MA1758.2; MA1760.1	-	0.8967	HSFA6A	MA1760.1	GAACTCTCTAGAC	800
Col0_ONSEN_800bp_windows	Col0_AT3G61330_ONSEN2_rightLTRcandidate	ONSEN2	right_LTR_candidate	6	592	609	18	5	4	HSFA1E; HSFA4A; HSFA6A; HSFB3	MA1758.2; MA1759.2; MA1760.1; MA1761.2	-; +	0.9214	HSFA6A	MA1760.1	GAATAATCTAGAT	800
Col0_ONSEN_800bp_windows	Col0_AT3G61330_ONSEN2_rightLTRcandidate	ONSEN2	right_LTR_candidate	7	614	629	16	2	1	HSFB3	MA1761.2	-; +	0.8606	HSFB3	MA1761.2	AAAAATCTAGAT	800
Col0_ONSEN_800bp_windows	Col0_AT3G61330_ONSEN2_rightLTRcandidate	ONSEN2	right_LTR_candidate	8	647	677	31	31	10	HSFA1B; HSFA1E; HSFA4A; HSFA6A; HSFA6B; HSFB2A; HSFB2B; HSFB3; HSFB4; HSFC1	MA1664.3; MA1665.3; MA1666.3; MA1667.3; MA1758.2; MA1759.2; MA1760.1; MA1761.2; MA2019.2; MA2020.2	-; +	0.9971	HSFC1	MA1667.3	TTCTAGAA	800
Col0_ONSEN_800bp_windows	Col0_AT3G61330_ONSEN2_rightLTRcandidate	ONSEN2	right_LTR_candidate	9	695	723	29	14	6	HSFA1E; HSFA4A; HSFA6A; HSFA6B; HSFB3; HSFC1	MA1664.3; MA1667.3; MA1758.2; MA1759.2; MA1760.1; MA1761.2	-; +	0.9317	HSFA6A	MA1760.1	GAAAACTCTAGAA	800
Col0_ONSEN_800bp_windows	Col0_AT5G13205_ONSEN3_leftLTRcandidate	ONSEN3	left_LTR_candidate	1	167	178	12	1	1	HSFB3	MA1761.2	+	0.8727	HSFB3	MA1761.2	AAATATCTAAAA	800
Col0_ONSEN_800bp_windows	Col0_AT5G13205_ONSEN3_leftLTRcandidate	ONSEN3	left_LTR_candidate	2	193	206	14	2	2	HSFA1E; HSFA6A	MA1758.2; MA1760.1	-	0.8967	HSFA6A	MA1760.1	GAACTCTCTAGAC	800
Col0_ONSEN_800bp_windows	Col0_AT5G13205_ONSEN3_leftLTRcandidate	ONSEN3	left_LTR_candidate	3	234	251	18	5	4	HSFA1E; HSFA4A; HSFA6A; HSFB3	MA1758.2; MA1759.2; MA1760.1; MA1761.2	-; +	0.9214	HSFA6A	MA1760.1	GAATAATCTAGAT	800
Col0_ONSEN_800bp_windows	Col0_AT5G13205_ONSEN3_leftLTRcandidate	ONSEN3	left_LTR_candidate	4	256	273	18	5	4	HSFA1E; HSFA4A; HSFA6A; HSFB3	MA1758.2; MA1759.2; MA1760.1; MA1761.2	-; +	0.9214	HSFA6A	MA1760.1	GAATAATCTAGAT	800
Col0_ONSEN_800bp_windows	Col0_AT5G13205_ONSEN3_leftLTRcandidate	ONSEN3	left_LTR_candidate	5	278	293	16	2	1	HSFB3	MA1761.2	-; +	0.8606	HSFB3	MA1761.2	AAAAATCTAGAT	800
Col0_ONSEN_800bp_windows	Col0_AT5G13205_ONSEN3_leftLTRcandidate	ONSEN3	left_LTR_candidate	6	311	341	31	31	10	HSFA1B; HSFA1E; HSFA4A; HSFA6A; HSFA6B; HSFB2A; HSFB2B; HSFB3; HSFB4; HSFC1	MA1664.3; MA1665.3; MA1666.3; MA1667.3; MA1758.2; MA1759.2; MA1760.1; MA1761.2; MA2019.2; MA2020.2	-; +	0.9971	HSFC1	MA1667.3	TTCTAGAA	800
Col0_ONSEN_800bp_windows	Col0_AT5G13205_ONSEN3_leftLTRcandidate	ONSEN3	left_LTR_candidate	7	359	387	29	14	6	HSFA1E; HSFA4A; HSFA6A; HSFA6B; HSFB3; HSFC1	MA1664.3; MA1667.3; MA1758.2; MA1759.2; MA1760.1; MA1761.2	-; +	0.9317	HSFA6A	MA1760.1	GAAAACTCTAGAA	800
Col0_ONSEN_800bp_windows	Col0_AT5G13205_ONSEN3_leftLTRcandidate	ONSEN3	left_LTR_candidate	8	745	752	8	1	1	HSFA1B	MA2019.2	-	0.8762	HSFA1B	MA2019.2	GAAACCTC	800
Col0_ONSEN_800bp_windows	Col0_AT5G13205_ONSEN3_rightLTRcandidate	ONSEN3	right_LTR_candidate	1	11	22	12	7	4	HSFA1B; HSFB2A; HSFB2B; HSFB4	MA1665.3; MA1666.3; MA2019.2; MA2020.2	-; +	0.9781	HSFA1B	MA2019.2	GAAGCTTC	800
Col0_ONSEN_800bp_windows	Col0_AT5G13205_ONSEN3_rightLTRcandidate	ONSEN3	right_LTR_candidate	2	42	49	8	2	1	HSFA1B	MA2019.2	-; +	0.8507	HSFA1B	MA2019.2	GAAGCTAC	800
Col0_ONSEN_800bp_windows	Col0_AT5G13205_ONSEN3_rightLTRcandidate	ONSEN3	right_LTR_candidate	3	53	68	16	6	3	HSFA6B; HSFB3; HSFC1	MA1664.3; MA1667.3; MA1761.2	-; +	0.9477	HSFC1	MA1667.3	TTCGAGAA	800
Col0_ONSEN_800bp_windows	Col0_AT5G13205_ONSEN3_rightLTRcandidate	ONSEN3	right_LTR_candidate	4	504	515	12	1	1	HSFB3	MA1761.2	+	0.8727	HSFB3	MA1761.2	AAATATCTAAAA	800
Col0_ONSEN_800bp_windows	Col0_AT5G13205_ONSEN3_rightLTRcandidate	ONSEN3	right_LTR_candidate	5	530	543	14	2	2	HSFA1E; HSFA6A	MA1758.2; MA1760.1	-	0.8967	HSFA6A	MA1760.1	GAACTCTCTAGAC	800
Col0_ONSEN_800bp_windows	Col0_AT5G13205_ONSEN3_rightLTRcandidate	ONSEN3	right_LTR_candidate	6	571	588	18	5	4	HSFA1E; HSFA4A; HSFA6A; HSFB3	MA1758.2; MA1759.2; MA1760.1; MA1761.2	-; +	0.9214	HSFA6A	MA1760.1	GAATAATCTAGAT	800
Col0_ONSEN_800bp_windows	Col0_AT5G13205_ONSEN3_rightLTRcandidate	ONSEN3	right_LTR_candidate	7	593	610	18	5	4	HSFA1E; HSFA4A; HSFA6A; HSFB3	MA1758.2; MA1759.2; MA1760.1; MA1761.2	-; +	0.9214	HSFA6A	MA1760.1	GAATAATCTAGAT	800
Col0_ONSEN_800bp_windows	Col0_AT5G13205_ONSEN3_rightLTRcandidate	ONSEN3	right_LTR_candidate	8	615	630	16	2	1	HSFB3	MA1761.2	-; +	0.8606	HSFB3	MA1761.2	AAAAATCTAGAT	800
Col0_ONSEN_800bp_windows	Col0_AT5G13205_ONSEN3_rightLTRcandidate	ONSEN3	right_LTR_candidate	9	648	678	31	31	10	HSFA1B; HSFA1E; HSFA4A; HSFA6A; HSFA6B; HSFB2A; HSFB2B; HSFB3; HSFB4; HSFC1	MA1664.3; MA1665.3; MA1666.3; MA1667.3; MA1758.2; MA1759.2; MA1760.1; MA1761.2; MA2019.2; MA2020.2	-; +	0.9971	HSFC1	MA1667.3	TTCTAGAA	800
Col0_ONSEN_800bp_windows	Col0_AT5G13205_ONSEN3_rightLTRcandidate	ONSEN3	right_LTR_candidate	10	696	724	29	14	6	HSFA1E; HSFA4A; HSFA6A; HSFA6B; HSFB3; HSFC1	MA1664.3; MA1667.3; MA1758.2; MA1759.2; MA1760.1; MA1761.2	-; +	0.9317	HSFA6A	MA1760.1	GAAAACTCTAGAA	800
