accession	variant_id	mismatch_count	sequence_identity_percent	mismatch_positions	HSF_motif_ID_count	DOF_motif_ID_count	AP2_ERF_motif_ID_count	delta_HSF_vs_Col0	delta_DOF_vs_Col0	delta_AP2_ERF_vs_Col0
Col-0	Col-0 reference	0	100.0		15	8	8	0	0	0
An-1	An-1-v01	1	97.9591836735	21	15	12	8	0	4	0
An-1	An-1-v02	1	97.9591836735	21	15	12	8	0	4	0
An-1	An-1-v03	1	97.9591836735	3	15	8	8	0	0	0
An-1	An-1-v04	1	97.9591836735	41	15	8	0	0	0	-8
An-1	An-1-v05	4	91.8367346939	11;21;35;45	14	15	0	-1	7	-8
C24	C24-v01	1	97.9591836735	35	14	9	6	-1	1	-2
C24	C24-v02	2	95.9183673469	14;38	14	9	2	-1	1	-6
C24	C24-v03	3	93.8775510204	29;30;31	14	8	8	-1	0	0
Cvi	Cvi-v01	1	97.9591836735	38	15	8	2	0	0	-6
Cvi	Cvi-v02	4	91.8367346939	1;2;4;6	15	8	8	0	0	0
Cvi	Cvi-v03	4	91.8367346939	10;12;14;19	14	10	8	-1	2	0
Cvi	Cvi-v04	4	91.8367346939	11;14;29;44	10	14	2	-5	6	-6
Cvi	Cvi-v05	4	91.8367346939	11;14;29;44	10	14	2	-5	6	-6
Eri	Eri-v01	1	97.9591836735	11	15	14	8	0	6	0
Eri	Eri-v02	1	97.9591836735	21	15	8	8	0	0	0
Eri	Eri-v03	1	97.9591836735	39	15	8	3	0	0	-5
Eri	Eri-v04	1	97.9591836735	45	15	9	0	0	1	-8
Eri	Eri-v05	1	97.9591836735	5	15	8	8	0	0	0
Eri	Eri-v06	3	93.8775510204	1;3;5	15	15	8	0	7	0
Eri	Eri-v07	3	93.8775510204	1;3;5	15	15	8	0	7	0
Eri	Eri-v08	3	93.8775510204	11;35;45	14	15	0	-1	7	-8
Eri	Eri-v09	4	91.8367346939	10;12;14;19	14	10	8	-1	2	0
Kyo	Kyo-v01	1	97.9591836735	14	14	9	8	-1	1	0
Kyo	Kyo-v02	1	97.9591836735	14	14	9	8	-1	1	0
Kyo	Kyo-v03	1	97.9591836735	14	14	9	8	-1	1	0
Kyo	Kyo-v04	1	97.9591836735	3	15	8	8	0	0	0
Kyo	Kyo-v05	1	97.9591836735	36	15	8	7	0	0	-1
Kyo	Kyo-v06	1	97.9591836735	39	15	8	3	0	0	-5
Kyo	Kyo-v07	3	93.8775510204	11;35;45	14	15	0	-1	7	-8
Ler	Ler-v01	1	97.9591836735	11	15	14	8	0	6	0
Ler	Ler-v02	1	97.9591836735	21	15	8	8	0	0	0
Ler	Ler-v03	1	97.9591836735	3	15	8	8	0	0	0
Ler	Ler-v04	1	97.9591836735	45	15	9	0	0	1	-8
Sha	Sha-v01	1	97.9591836735	14	14	9	8	-1	1	0
Sha	Sha-v02	1	97.9591836735	21	15	12	8	0	4	0
Sha	Sha-v03	1	97.9591836735	21	15	12	8	0	4	0
Sha	Sha-v04	1	97.9591836735	21	15	12	8	0	4	0
Sha	Sha-v05	1	97.9591836735	21	15	12	8	0	4	0
Sha	Sha-v06	1	97.9591836735	25	15	8	8	0	0	0
Sha	Sha-v07	1	97.9591836735	28	14	8	8	-1	0	0
Sha	Sha-v08	1	97.9591836735	28	14	8	8	-1	0	0
Sha	Sha-v09	1	97.9591836735	28	14	8	8	-1	0	0
Sha	Sha-v10	1	97.9591836735	28	14	8	8	-1	0	0
Sha	Sha-v11	1	97.9591836735	45	15	9	0	0	1	-8
Sha	Sha-v12	2	95.9183673469	3;17	15	11	8	0	3	0
Sha	Sha-v13	3	93.8775510204	1;3;5	15	15	8	0	7	0
Sha	Sha-v14	3	93.8775510204	1;3;5	15	15	8	0	7	0
Sha	Sha-v15	3	93.8775510204	1;3;5	15	15	8	0	7	0
Sha	Sha-v16	3	93.8775510204	1;3;5	15	15	8	0	7	0
Sha	Sha-v17	3	93.8775510204	11;35;45	14	15	0	-1	7	-8
Sha	Sha-v18	4	91.8367346939	1;3;5;28	14	15	8	-1	7	0
Sha	Sha-v19	4	91.8367346939	1;3;5;28	14	15	8	-1	7	0
